date,model,cum_r2_os,r2_change,abs_change
1975-01-01,random_forest,0.006020529638184102,-0.016616341002439194,0.016616341002439194
1970-04-01,ols_restricted,0.006697834120677615,0.016183007966556154,0.016183007966556154
1970-04-01,ols4_restricted,0.0199408058932684,0.011378537172786607,0.011378537172786607
1970-07-01,ols4_restricted,0.022592667024880376,-0.011156381701092562,0.011156381701092562
1970-07-01,ols_restricted,0.013057666476697028,-0.010458130303011782,0.010458130303011782
1970-07-01,random_forest,0.012920782208000492,-0.010331588450891849,0.010331588450891849
1970-07-01,elastic_net_restricted,0.0018900345720174738,-0.01007131418965782,0.01007131418965782
1970-04-01,elastic_net_restricted,-0.0013841563184057494,0.010068907899097179,0.010068907899097179
1970-05-01,ols_restricted,0.01629949350495279,0.009601659384275174,0.009601659384275174
1970-02-01,ols4_restricted,0.009278291445812593,-0.00873558131870843,0.00873558131870843
1975-01-01,ols4_restricted,0.0242265083392079,-0.008633006784299388,0.008633006784299388
1970-05-01,ols4_restricted,0.027488675494176485,0.007547869600908086,0.007547869600908086
1970-01-01,ols4_restricted,0.018013872764521023,0.0074303297517569165,0.0074303297517569165
1970-06-01,ols_restricted,0.02351579677970881,0.00721630327475602,0.00721630327475602
1970-12-01,random_forest,-0.0040939103242886524,-0.006918016694005203,0.006918016694005203
1970-05-01,elastic_net_restricted,0.005504006477659329,0.006888162796065078,0.006888162796065078
1970-01-01,ols_restricted,-0.010102665111494857,0.006524897492017045,0.006524897492017045
1970-06-01,elastic_net_restricted,0.011961348761675294,0.006457342284015965,0.006457342284015965
1970-06-01,ols4_restricted,0.03374904872597294,0.006260373231796453,0.006260373231796453
1970-11-01,ols_restricted,0.0011883676181000836,-0.005837861917853559,0.005837861917853559
1970-11-01,elastic_net_restricted,-0.006781281881427947,-0.0053266144742283635,0.0053266144742283635
1971-05-01,random_forest,-0.009032276473902479,0.005305754721119937,0.005305754721119937
1971-12-01,ols4_restricted,0.004881803990662248,-0.005248371203512314,0.005248371203512314
1970-08-01,ols4_restricted,0.01744563613101261,-0.005147030893867765,0.005147030893867765
1970-11-01,random_forest,0.00282410636971655,-0.0051134369201623064,0.0051134369201623064
1970-06-01,random_forest,0.02325237065889234,0.005091700580192451,0.005091700580192451
1971-01-01,random_forest,-0.00913819256587215,-0.005044282241583497,0.005044282241583497
1975-01-01,ols_restricted,-0.01437768838356942,0.004928653257963612,0.004928653257963612
1970-11-01,ols4_restricted,0.011481550420139286,-0.004882510420091244,0.004882510420091244
1970-12-01,ols4_restricted,0.0067126718988751,-0.004768878521264186,0.004768878521264186
1970-12-01,ols_restricted,-0.0035313429697009678,-0.004719710587801051,0.004719710587801051
1970-07-01,ridge_restricted,0.01470589963489748,-0.004613841171889097,0.004613841171889097
1970-09-01,ols_restricted,0.004131324671880409,-0.0045429718047695355,0.0045429718047695355
1971-07-01,random_forest,-0.004495892828432502,0.004506550273929855,0.004506550273929855
1970-01-01,ridge_restricted,0.014653445301046886,0.004486029796604863,0.004486029796604863
1970-08-01,ols_restricted,0.008674296476649945,-0.004383370000047083,0.004383370000047083
1970-04-01,ridge_restricted,0.016339136978158763,0.004340888419063226,0.004340888419063226
1971-05-01,ols_restricted,-0.00849505461660247,0.004269560970761166,0.004269560970761166
1970-04-01,random_forest,0.014131418245761918,0.004180597052045654,0.004180597052045654
1971-03-01,ols_restricted,-0.011293271576757557,-0.004136085137237366,0.004136085137237366
1970-05-01,random_forest,0.01816067007869989,0.004029251832937973,0.004029251832937973
1970-09-01,random_forest,0.005640469929527425,-0.00374151856913858,0.00374151856913858
1972-11-01,ols4_restricted,-0.0016336032462442973,-0.0036409933419976562,0.0036409933419976562
1970-08-01,elastic_net_restricted,-0.0017150428789855176,-0.0036050774510029914,0.0036050774510029914
1971-05-01,elastic_net_restricted,-0.013853644570574187,0.00359108568622828,0.00359108568622828
1970-08-01,random_forest,0.009381988498666005,-0.003538793709334487,0.003538793709334487
1971-03-01,elastic_net_restricted,-0.016911292363344033,-0.003526759644601009,0.003526759644601009
1970-12-01,elastic_net_restricted,-0.010153036320095444,-0.0033717544386674967,0.0033717544386674967
1976-01-01,ols4_restricted,0.014406801642729916,-0.0033593887959773253,0.0033593887959773253
1970-09-01,ols4_restricted,0.014089325532848163,-0.003356310598164448,0.003356310598164448
1971-02-01,ols_restricted,-0.007157186439520191,-0.0032155747174785754,0.0032155747174785754
1972-08-01,ols4_restricted,0.002096238089203861,-0.003215464700860604,0.003215464700860604
1971-07-01,ols_restricted,-0.005096164432907724,0.0031382245231673656,0.0031382245231673656
1971-01-01,ols4_restricted,0.00358396439713895,-0.00312870750173615,0.00312870750173615
1971-02-01,elastic_net_restricted,-0.013384532718743024,-0.0030931987357742264,0.0030931987357742264
1971-04-01,random_forest,-0.014338031195022416,-0.00299887572131583,0.00299887572131583
1970-02-01,ridge_restricted,0.011706473908211857,-0.0029469713928350297,0.0029469713928350297
1972-11-01,ols_restricted,-0.007945454596167644,0.002946843511771092,0.002946843511771092
1970-10-01,ols_restricted,0.007026229535953643,0.0028949048640732333,0.0028949048640732333
1971-07-01,ols4_restricted,0.007348375308993483,0.002887628390743635,0.002887628390743635
1970-10-01,elastic_net_restricted,-0.0014546674071995835,0.0027770356457215593,0.0027770356457215593
1970-03-01,ols_restricted,-0.009485173845878537,0.0027214743486084873,0.0027214743486084873
1971-07-01,elastic_net_restricted,-0.010888543202968459,0.0027044676204800444,0.0027044676204800444
1971-10-01,ols4_restricted,0.009564575850491053,0.002641598559065539,0.002641598559065539
1970-01-01,elastic_net_restricted,-0.012601059228100831,0.0026191323222223943,0.0026191323222223943
1975-02-01,ols_restricted,-0.011821521666543499,0.0025561667170259216,0.0025561667170259216
1970-09-01,elastic_net_restricted,-0.004231703052921143,-0.0025166601739356254,0.0025166601739356254
1975-02-01,ols4_restricted,0.021756316912228003,-0.002470191426979896,0.002470191426979896
1970-08-01,ridge_restricted,0.012293133102753873,-0.002412766532143607,0.002412766532143607
1975-10-01,elastic_net_restricted,-0.011356546737870832,-0.002409992102979864,0.002409992102979864
1975-10-01,ols_restricted,-0.014672094211349384,-0.002332357456687372,0.002332357456687372
1975-10-01,ols4_restricted,0.018306751756495286,-0.0023044363183358473,0.0023044363183358473
1970-10-01,random_forest,0.007937543289878857,0.002297073360351432,0.002297073360351432
1970-10-01,ols4_restricted,0.01636406084023053,0.0022747353073823678,0.0022747353073823678
1970-02-01,ols_restricted,-0.012206648194487024,-0.002103983082992167,0.002103983082992167
1971-05-01,ols4_restricted,0.00474390854431096,0.0020932791171183185,0.0020932791171183185
1972-11-01,random_forest,-0.006117906540631657,-0.0020904119092898686,0.0020904119092898686
1975-05-01,ols_restricted,-0.015526310474725158,-0.0020238871910093215,0.0020238871910093215
1971-12-01,ridge_restricted,0.007226952787539054,-0.0019731422319708486,0.0019731422319708486
1972-09-01,ols_restricted,-0.01013860376752106,-0.0018830802980457154,0.0018830802980457154
1975-06-01,random_forest,0.007411139319327043,0.0018442034268905455,0.0018442034268905455
1970-11-01,ridge_restricted,0.009915210970361476,-0.0018335663397705433,0.0018335663397705433
1975-09-01,ols_restricted,-0.012339736754662012,0.0018003733603879964,0.0018003733603879964
1972-08-01,random_forest,-0.004022665851356933,-0.0017750191005753927,0.0017750191005753927
1975-05-01,elastic_net_restricted,-0.01169408391803487,-0.001767715505961132,0.001767715505961132
1971-10-01,random_forest,-0.0025201944410607412,0.0017477905866921883,0.0017477905866921883
1975-06-01,ols_restricted,-0.017251533068895264,-0.0017252225941701057,0.0017252225941701057
1977-10-01,random_forest,0.005293212580644269,-0.0017123220862371828,0.0017123220862371828
1971-05-01,ridge_restricted,0.007047404524347956,0.001685202050841295,0.001685202050841295
1975-02-01,random_forest,0.0043389166002263165,-0.0016816130379577856,0.0016816130379577856
1971-07-01,ridge_restricted,0.008899417991432757,0.0016509700003035982,0.0016509700003035982
1975-09-01,elastic_net_restricted,-0.008946554634890969,0.0016449392371041711,0.0016449392371041711
1971-09-01,ols_restricted,-0.007913618511236198,-0.0016426409068630134,0.0016426409068630134
1975-07-01,random_forest,0.005774614550423618,-0.0016365247689034247,0.0016365247689034247
1970-12-01,ridge_restricted,0.008293298356523949,-0.0016219126138375273,0.0016219126138375273
1975-07-01,ols_restricted,-0.015655886015010445,0.0015956470538848189,0.0015956470538848189
1971-08-01,ols4_restricted,0.005787530855642287,-0.0015608444533511956,0.0015608444533511956
1970-05-01,ridge_restricted,0.017869654274344237,0.001530517296185474,0.001530517296185474
1975-08-01,ols_restricted,-0.014140110115050009,0.0015157758999604365,0.0015157758999604365
1976-01-01,random_forest,0.008855874015319731,0.0015034613002889328,0.0015034613002889328
1975-02-01,elastic_net_restricted,-0.00814707161068875,0.0014912969333643056,0.0014912969333643056
1975-05-01,ols4_restricted,0.018892276555042387,-0.0014801032985358384,0.0014801032985358384
1971-04-01,ols_restricted,-0.012764615587363637,-0.0014713440106060797,0.0014713440106060797
1975-08-01,elastic_net_restricted,-0.01059149387199514,0.0014653032611524064,0.0014653032611524064
1970-06-01,ridge_restricted,0.019319740806786577,0.00145008653244234,0.00145008653244234
1971-03-01,random_forest,-0.011339155473706586,-0.0014462946402107098,0.0014462946402107098
1972-12-01,ols_restricted,-0.009367076498242899,-0.0014216219020752544,0.0014216219020752544
1972-01-01,random_forest,-0.0038426913748785263,-0.0014136725728319697,0.0014136725728319697
1976-06-01,ols_restricted,-0.01372940440698094,-0.001366199216964693,0.001366199216964693
1970-09-01,ridge_restricted,0.010957275198604021,-0.0013358579041498515,0.0013358579041498515
1972-11-01,ridge_restricted,0.005776669741658557,-0.001332060703605021,0.001332060703605021
1972-06-01,random_forest,-0.003106847097110188,0.0013178620129312146,0.0013178620129312146
1972-06-01,ols4_restricted,0.004960539135080722,0.0012821985211169508,0.0012821985211169508
1972-11-01,elastic_net_restricted,-0.013023710869684435,0.0012611167915852935,0.0012611167915852935
1976-06-01,elastic_net_restricted,-0.010710635953891523,-0.0012484152532729938,0.0012484152532729938
1975-06-01,elastic_net_restricted,-0.012907053712325778,-0.0012129697942909086,0.0012129697942909086
1972-08-01,ridge_restricted,0.006682357110301884,-0.0012050074423669566,0.0012050074423669566
1977-06-01,ols_restricted,-0.011271686486139765,-0.0011920876553570877,0.0011920876553570877
1971-03-01,ols4_restricted,0.0026160283399929707,-0.001187714706194454,0.001187714706194454
1971-08-01,ols_restricted,-0.006270977604373185,-0.001174813171465461,0.001174813171465461
1976-12-01,ols4_restricted,0.012695824209259621,-0.0011717149808062807,0.0011717149808062807
1977-06-01,ols4_restricted,0.012935961159326381,-0.0011376402107785896,0.0011376402107785896
1975-09-01,ols4_restricted,0.020611188074831133,0.0011370137903002689,0.0011370137903002689
1971-09-01,ols4_restricted,0.006922977291425514,0.0011354464357832272,0.0011354464357832272
1972-01-01,ols4_restricted,0.003765382591362887,-0.0011164213992993612,0.0011164213992993612
1971-10-01,ols_restricted,-0.006807560989133976,0.0011060575221022223,0.0011060575221022223
1976-12-01,elastic_net_restricted,-0.008613429726526822,0.0010957167244292076,0.0010957167244292076
1977-10-01,ols4_restricted,0.01458322093433322,0.001092021782336262,0.001092021782336262
1971-08-01,ridge_restricted,0.007816905001851115,-0.0010825129895816413,0.0010825129895816413
1976-12-01,random_forest,0.007167753865478466,0.0010752405218070636,0.0010752405218070636
1971-03-01,ridge_restricted,0.005865573028556792,-0.001070340892162269,0.001070340892162269
1975-04-01,elastic_net_restricted,-0.009926368412073738,-0.0010627992871121029,0.0010627992871121029
1975-04-01,ols_restricted,-0.013502423283715837,-0.0010459702489687087,0.0010459702489687087
1977-10-01,ols_restricted,-0.009234329338335168,0.0010386196518420866,0.0010386196518420866
1975-08-01,random_forest,0.0068087048862268355,0.0010340903358032174,0.0010340903358032174
1972-09-01,elastic_net_restricted,-0.013653488701372262,-0.0010087174390366657,0.0010087174390366657
1977-11-01,ols4_restricted,0.013593154075150016,-0.0009900668591832033,0.0009900668591832033
1971-09-01,elastic_net_restricted,-0.012338149316397717,-0.0009738979051032489,0.0009738979051032489
1975-06-01,ols4_restricted,0.0179241606580674,-0.0009681158969749859,0.0009681158969749859
1972-02-01,random_forest,-0.004807994317847586,-0.00096530294296906,0.00096530294296906
1975-05-01,random_forest,0.005566935892436497,0.0009623888093388206,0.0009623888093388206
1975-12-01,ols_restricted,-0.013420383931175705,0.0009552259039959498,0.0009552259039959498
1976-06-01,ols4_restricted,0.013733700103236301,-0.000928110937115879,0.000928110937115879
1971-01-01,ridge_restricted,0.007365839226169624,-0.0009274591303543248,0.0009274591303543248
1971-09-01,random_forest,-0.0042679850277529295,0.0009134852654180013,0.0009134852654180013
1975-04-01,ols4_restricted,0.020372379853578225,-0.0009129340725831624,0.0009129340725831624
1977-11-01,ols_restricted,-0.010121462715500195,-0.0008871333771650267,0.0008871333771650267
1975-01-01,ridge_restricted,0.013296222771684551,-0.0008810468509453107,0.0008810468509453107
1971-11-01,ols_restricted,-0.007677962764276713,-0.0008704017751427371,0.0008704017751427371
1972-07-01,random_forest,-0.00224764675078154,0.0008592003463286481,0.0008592003463286481
1977-02-01,ols_restricted,-0.011861870722228208,0.0008544382613457236,0.0008544382613457236
1975-07-01,elastic_net_restricted,-0.012056797133147546,0.000850256579178232,0.000850256579178232
1975-12-01,elastic_net_restricted,-0.010232675396333778,0.0008371251807382084,0.0008371251807382084
1975-01-01,elastic_net_restricted,-0.009638368544053056,0.0008238444556626038,0.0008238444556626038
1970-03-01,elastic_net_restricted,-0.011453064217502928,0.0008162376015156802,0.0008162376015156802
1977-03-01,ols_restricted,-0.01105528836227474,0.0008065823599534682,0.0008065823599534682
1975-08-01,ols4_restricted,0.019474174284530864,0.0008049077449141517,0.0008049077449141517
1970-10-01,ridge_restricted,0.01174877731013202,0.0007915021115279981,0.0007915021115279981
1976-12-01,ols_restricted,-0.011941067579827302,0.0007883129156034171,0.0007883129156034171
1971-10-01,ridge_restricted,0.008957033742834176,0.0007840254020922595,0.0007840254020922595
1972-05-01,ols_restricted,-0.006941796760911822,-0.0007770910142283925,0.0007770910142283925
1976-04-01,random_forest,0.007823523833017775,-0.0007762009565002725,0.0007762009565002725
1977-01-01,ols_restricted,-0.012716308983573931,-0.0007752414037466293,0.0007752414037466293
1975-11-01,ols4_restricted,0.017534544214584214,-0.000772207541911072,0.000772207541911072
1977-02-01,elastic_net_restricted,-0.008527783951476187,0.0007598818336870261,0.0007598818336870261
1971-02-01,random_forest,-0.009892860833495876,-0.000754668267623727,0.000754668267623727
1972-10-01,ols_restricted,-0.010892298107938736,-0.0007536943404176759,0.0007536943404176759
1975-07-01,ols4_restricted,0.018669266539616713,0.0007451058815493121,0.0007451058815493121
1976-03-01,ols_restricted,-0.01318802523275453,-0.0007415967011692118,0.0007415967011692118
1977-06-01,elastic_net_restricted,-0.007650968238555089,-0.0007298119879744934,0.0007298119879744934
1975-03-01,elastic_net_restricted,-0.008863569124961635,-0.0007164975142728847,0.0007164975142728847
1970-03-01,ols4_restricted,0.008562268720481792,-0.0007160227253308008,0.0007160227253308008
1972-06-01,ridge_restricted,0.007382874444026022,0.0007159494934875109,0.0007159494934875109
1976-10-01,random_forest,0.005916099822316656,-0.0007102320728564985,0.0007102320728564985
1976-03-01,elastic_net_restricted,-0.009990915410353008,-0.0007026555638603004,0.0007026555638603004
1976-01-01,elastic_net_restricted,-0.009544417257809867,0.0006882581385239117,0.0006882581385239117
1971-08-01,random_forest,-0.005181470293170931,-0.0006855774647384289,0.0006855774647384289
1972-02-01,elastic_net_restricted,-0.011454553971246862,0.0006841871911487211,0.0006841871911487211
1972-06-01,ols_restricted,-0.007617281849993907,-0.0006754850890820846,0.0006754850890820846
1977-01-01,elastic_net_restricted,-0.009287665785163213,-0.0006742360586363908,0.0006742360586363908
1972-05-01,ols4_restricted,0.003678340613963771,-0.000659753742982749,0.000659753742982749
1972-07-01,ols_restricted,-0.008272667506027908,-0.0006553856560340011,0.0006553856560340011
1976-05-01,ols_restricted,-0.012363205190016246,0.000646934386574061,0.000646934386574061
1975-04-01,random_forest,0.004604547083097677,0.0006465448230010828,0.0006465448230010828
1971-12-01,ols_restricted,-0.007037002028748874,0.0006409607355278395,0.0006409607355278395
1975-03-01,ols_restricted,-0.012456453034747128,-0.0006349313682036291,0.0006349313682036291
1972-10-01,elastic_net_restricted,-0.014284827661269728,-0.0006313389598974657,0.0006313389598974657
1972-05-01,elastic_net_restricted,-0.011515257219126796,-0.0006209068711495961,0.0006209068711495961
1977-08-01,random_forest,0.00722157934539378,-0.0006198127451203517,0.0006198127451203517
1976-06-01,random_forest,0.006623529170653164,-0.0006158750724473477,0.0006158750724473477
1977-03-01,elastic_net_restricted,-0.007918986888196533,0.0006087970632796535,0.0006087970632796535
1972-04-01,random_forest,-0.0041196344552758115,0.0005886298366734374,0.0005886298366734374
1976-05-01,random_forest,0.007239404243100512,-0.0005841195899172636,0.0005841195899172636
1972-03-01,ols_restricted,-0.006301932697548962,0.0005830527478933867,0.0005830527478933867
1971-11-01,ols4_restricted,0.010130175194174562,0.0005655993436835087,0.0005655993436835087
1977-01-01,ols4_restricted,0.013257801787319423,0.0005619775780598014,0.0005619775780598014
1976-01-01,ols_restricted,-0.012860701704749289,0.0005596822264264164,0.0005596822264264164
1977-05-01,ols_restricted,-0.010079598830782677,0.0005593840346272971,0.0005593840346272971
1972-10-01,ols4_restricted,0.0020073900957533588,-0.0005570498179226502,0.0005570498179226502
1971-11-01,elastic_net_restricted,-0.012349811033532821,-0.0005475916155214932,0.0005475916155214932
1976-10-01,ols_restricted,-0.01281791409681544,0.0005435776857140376,0.0005435776857140376
1977-01-01,random_forest,0.006627736516836358,-0.0005400173486421076,0.0005400173486421076
1971-10-01,elastic_net_restricted,-0.011802219418011328,0.0005359298983863888,0.0005359298983863888
1971-04-01,elastic_net_restricted,-0.017444730256802467,-0.0005334378934584334,0.0005334378934584334
1976-10-01,ols4_restricted,0.01387583054804543,0.0005303362427109149,0.0005303362427109149
1977-05-01,elastic_net_restricted,-0.006921156250580596,0.0005192756780878381,0.0005192756780878381
1971-12-01,elastic_net_restricted,-0.011836559883551845,0.0005132511499809766,0.0005132511499809766
1972-08-01,elastic_net_restricted,-0.012644771262335597,-0.0005058413968138335,0.0005058413968138335
1972-07-01,ridge_restricted,0.00788736455266884,0.0005044901086428185,0.0005044901086428185
1971-04-01,ridge_restricted,0.005362202473506661,-0.0005033705550501312,0.0005033705550501312
1972-12-01,elastic_net_restricted,-0.013515786358457927,-0.000492075488773492,0.000492075488773492
1972-09-01,ridge_restricted,0.0071616230185660105,0.00047926590826412666,0.00047926590826412666
1977-06-01,random_forest,0.007860548033549552,0.0004788580761710846,0.0004788580761710846
1977-04-01,elastic_net_restricted,-0.007440431928668434,0.0004785549595280993,0.0004785549595280993
1971-08-01,elastic_net_restricted,-0.011364251411294468,-0.00047570820832600925,0.00047570820832600925
1975-03-01,ols4_restricted,0.021285313926161387,-0.0004710029860666154,0.0004710029860666154
1972-09-01,ols4_restricted,0.002564439913676009,0.0004682018244721478,0.0004682018244721478
1977-05-01,random_forest,0.007381689957378468,0.0004606260515508829,0.0004606260515508829
1976-05-01,elastic_net_restricted,-0.009462220700618529,0.0004405313988163455,0.0004405313988163455
1977-02-01,random_forest,0.006188208631527048,-0.0004395278853093097,0.0004395278853093097
1971-02-01,ridge_restricted,0.006935913920719061,-0.0004299253054505627,0.0004299253054505627
1977-08-01,ols_restricted,-0.010462194373070633,0.0004166257408840801,0.0004166257408840801
1977-04-01,ols_restricted,-0.010638982865409975,0.0004163054968647651,0.0004163054968647651
1976-02-01,ols_restricted,-0.012446428531585318,0.00041427317316397073,0.00041427317316397073
1971-01-01,ols_restricted,-0.003941611722041616,-0.0004102687523406482,0.0004102687523406482
1970-01-01,random_forest,0.00996678378714464,0.00040544153028118125,0.00040544153028118125
1972-01-01,ridge_restricted,0.006830876715510015,-0.0003960760720290394,0.0003960760720290394
1977-07-01,ols_restricted,-0.010878820113954713,0.00039286637218505227,0.00039286637218505227
1975-10-01,random_forest,0.006774134570283452,-0.0003851865101515478,0.0003851865101515478
1975-03-01,random_forest,0.003958002260096594,-0.00038091434012972256,0.00038091434012972256
1977-12-01,random_forest,0.0052683584742340694,-0.00038006029068145004,0.00038006029068145004
1972-07-01,elastic_net_restricted,-0.012138929865521763,-0.00037921961846104635,0.00037921961846104635
1977-04-01,random_forest,0.006921063905827585,0.000372651023158266,0.000372651023158266
1977-04-01,ols4_restricted,0.013836625175893302,0.00037171561307985934,0.00037171561307985934
1975-12-01,random_forest,0.0073524127150307985,0.0003662563336452101,0.0003662563336452101
1972-03-01,ols4_restricted,0.004128818608197049,0.0003661736607694756,0.0003661736607694756
1972-02-01,ridge_restricted,0.006470652492361384,-0.0003602242231486308,0.0003602242231486308
1977-03-01,random_forest,0.006548412882669319,0.00036020425114227043,0.00036020425114227043
1975-07-01,ridge_restricted,0.012794752620022309,-0.0003568990032951861,0.0003568990032951861
1971-09-01,ridge_restricted,0.008173008340741916,0.0003561033388908008,0.0003561033388908008
1977-11-01,random_forest,0.0056484187649155195,0.00035520618427125044,0.00035520618427125044
1972-07-01,ols4_restricted,0.005311702790064465,0.0003511636549837433,0.0003511636549837433
1975-09-01,random_forest,0.0071593210804349995,0.0003506161942081641,0.0003506161942081641
1977-07-01,ols4_restricted,0.013281355378853766,0.0003453942195273847,0.0003453942195273847
1976-09-01,ols4_restricted,0.013345494305334516,-0.0003398883402384919,0.0003398883402384919
1970-02-01,elastic_net_restricted,-0.012269301819018608,0.0003317574090822232,0.0003317574090822232
1972-10-01,random_forest,-0.004027494631341788,-0.0003214778482740657,0.0003214778482740657
1977-11-01,elastic_net_restricted,-0.007280032865297903,-0.0003212320151892434,0.0003212320151892434
1972-09-01,random_forest,-0.0037060167830677226,0.00031664906828921023,0.00031664906828921023
1972-02-01,ols_restricted,-0.0068849854454423485,0.0003130355140449235,0.0003130355140449235
1972-04-01,elastic_net_restricted,-0.0108943503479772,0.0003103067169873512,0.0003103067169873512
1975-05-01,ridge_restricted,0.013060280487318821,-0.0003072500754155768,0.0003072500754155768
1972-05-01,random_forest,-0.004424709110041403,-0.00030507465476559137,0.00030507465476559137
1975-10-01,ridge_restricted,0.012587156317574743,-0.00030482812997398995,0.00030482812997398995
1976-07-01,ols_restricted,-0.01342694836279601,0.0003024560441849296,0.0003024560441849296
1972-01-01,elastic_net_restricted,-0.012138741162395583,-0.00030218127884373835,0.00030218127884373835
1975-11-01,ols_restricted,-0.014375609835171655,0.00029648437617772923,0.00029648437617772923
1970-03-01,ridge_restricted,0.011998248559095537,0.00029177465088368014,0.00029177465088368014
1975-11-01,elastic_net_restricted,-0.011069800577071987,0.00028674616079884564,0.00028674616079884564
1971-06-01,ols4_restricted,0.0044607469182498475,-0.00028316162606111233,0.00028316162606111233
1977-10-01,elastic_net_restricted,-0.00695880085010866,0.0002792615973414396,0.0002792615973414396
1976-03-01,ols4_restricted,0.014307082239524071,-0.0002786458755136955,0.0002786458755136955
1976-02-01,random_forest,0.008581869173299029,-0.00027400484202070273,0.00027400484202070273
1976-09-01,random_forest,0.006626331895173154,0.0002661699382132789,0.0002661699382132789
1976-10-01,elastic_net_restricted,-0.00986580214162267,0.0002660983620726091,0.0002660983620726091
1971-06-01,ols_restricted,-0.00823438895607509,0.00026066566052738126,0.00026066566052738126
1971-06-01,elastic_net_restricted,-0.013593010823448503,0.00026063374712568393,0.00026063374712568393
1976-02-01,elastic_net_restricted,-0.009288259846492708,0.00025615741131715906,0.00025615741131715906
1976-07-01,elastic_net_restricted,-0.010454546469308223,0.00025608948458329985,0.00025608948458329985
1972-03-01,elastic_net_restricted,-0.011204657064964551,0.0002498969062823108,0.0002498969062823108
1972-04-01,ridge_restricted,0.00689452888581873,0.0002451465506082221,0.0002451465506082221
1972-06-01,elastic_net_restricted,-0.011759710247060717,-0.0002444530279339212,0.0002444530279339212
1971-11-01,ridge_restricted,0.009200095019509903,0.00024306127667572675,0.00024306127667572675
1977-05-01,ols4_restricted,0.01407360137010497,0.00023697619421166917,0.00023697619421166917
1975-12-01,ols4_restricted,0.017766190438707242,0.0002316462241230277,0.0002316462241230277
1972-05-01,ridge_restricted,0.006666924950538511,-0.00022760393528021856,0.00022760393528021856
1971-02-01,ols4_restricted,0.0038037430461874246,0.0002197786490484746,0.0002197786490484746
1970-02-01,random_forest,0.009749666643670163,-0.0002171171434744764,0.0002171171434744764
1977-09-01,random_forest,0.007005534666881452,-0.00021604467851232823,0.00021604467851232823
1977-01-01,ridge_restricted,0.012040663791771544,-0.0002138435635452799,0.0002138435635452799
1975-11-01,random_forest,0.006986156381385588,0.00021202181110213658,0.00021202181110213658
1976-08-01,elastic_net_restricted,-0.01024519342116693,0.00020935304814129196,0.00020935304814129196
1972-04-01,ols4_restricted,0.00433809435694652,0.0002092757487494705,0.0002092757487494705
1971-12-01,random_forest,-0.0024290188020465566,0.00020591655902675284,0.00020591655902675284
1976-04-01,ols4_restricted,0.014509135359460957,0.00020205311993688573,0.00020205311993688573
1970-03-01,random_forest,0.009950821193716264,0.00020115455004610094,0.00020115455004610094
1971-06-01,ridge_restricted,0.007248447991129159,0.0002010434667812028,0.0002010434667812028
1976-08-01,ols4_restricted,0.013685382645573008,-0.00019139441399752474,0.00019139441399752474
1977-09-01,ols_restricted,-0.010272948990177255,0.0001892453828933778,0.0001892453828933778
1976-02-01,ols4_restricted,0.014585728115037767,0.0001789264723078502,0.0001789264723078502
1972-03-01,ridge_restricted,0.0066493823352105075,0.0001787298428491237,0.0001787298428491237
1976-04-01,ols_restricted,-0.013010139576590307,0.0001778856561642228,0.0001778856561642228
1976-11-01,random_forest,0.006092513343671402,0.0001764135213547461,0.0001764135213547461
1972-01-01,ols_restricted,-0.007198020959487272,-0.00016101893073839843,0.00016101893073839843
1975-02-01,ridge_restricted,0.013456424545411438,0.00016020177372688682,0.00016020177372688682
1976-11-01,elastic_net_restricted,-0.00970914645095603,0.00015665569066664053,0.00015665569066664053
1977-07-01,elastic_net_restricted,-0.007496949250918872,0.0001540189876362173,0.0001540189876362173
1976-05-01,ols4_restricted,0.01466181104035218,0.0001526756808912233,0.0001526756808912233
1977-09-01,elastic_net_restricted,-0.0072380624474500995,0.000143122251886685,0.000143122251886685
1976-07-01,ols4_restricted,0.013876777059570532,0.00014307695633423122,0.00014307695633423122
1976-07-01,random_forest,0.006484506886572405,-0.00013902228408075885,0.00013902228408075885
1971-01-01,elastic_net_restricted,-0.010291333982968798,-0.0001382976628733542,0.0001382976628733542
1972-04-01,ols_restricted,-0.00616470574668343,0.000137226950865532,0.000137226950865532
1976-12-01,ridge_restricted,0.012254507355316824,0.00013485807593123338,0.00013485807593123338
1977-10-01,ridge_restricted,0.011812747161158954,-0.0001249330311831054,0.0001249330311831054
1976-08-01,random_forest,0.0063601619569598755,-0.0001243449296125295,0.0001243449296125295
1976-06-01,ridge_restricted,0.012187983822600435,-0.00011978216100791937,0.00011978216100791937
1977-08-01,elastic_net_restricted,-0.0073811846993367845,0.00011576455158208727,0.00011576455158208727
1971-11-01,random_forest,-0.0026349353610733094,-0.00011474092001256819,0.00011474092001256819
1976-09-01,elastic_net_restricted,-0.01013190050369528,0.00011329291747165168,0.00011329291747165168
1977-08-01,ols4_restricted,0.013389792385987176,0.0001084370071334096,0.0001084370071334096
1976-08-01,ols_restricted,-0.013321589411140356,0.00010535895165565343,0.00010535895165565343
1977-02-01,ols4_restricted,0.013362408526336845,0.00010460673901742205,0.00010460673901742205
1977-03-01,ols4_restricted,0.013464909562813442,0.00010250103647659742,0.00010250103647659742
1977-09-01,ols4_restricted,0.013491199151996957,0.00010140676600978171,0.00010140676600978171
1972-03-01,random_forest,-0.004708264291949249,9.973002589833743e-05,9.973002589833743e-05
1976-01-01,ridge_restricted,0.012489854911328712,-9.591003267690572e-05,9.591003267690572e-05
1977-07-01,ridge_restricted,0.012041636353955198,-9.185790057968449e-05,9.185790057968449e-05
1975-06-01,ridge_restricted,0.013151651623317495,9.137113599867394e-05,9.137113599867394e-05
1975-04-01,ridge_restricted,0.013367530562734398,-8.987462523052381e-05,8.987462523052381e-05
1976-11-01,ols_restricted,-0.01272938049543072,8.853360138472155e-05,8.853360138472155e-05
1976-04-01,elastic_net_restricted,-0.009902752099434874,8.816331091813373e-05,8.816331091813373e-05
1975-08-01,ridge_restricted,0.012879846210924629,8.509359090231976e-05,8.509359090231976e-05
1977-02-01,ridge_restricted,0.012124372088695967,8.37082969244226e-05,8.37082969244226e-05
1976-05-01,ridge_restricted,0.012307765983608355,-8.236848273596165e-05,8.236848273596165e-05
1977-08-01,ridge_restricted,0.011966831278660828,-7.48050752943704e-05,7.48050752943704e-05
1976-04-01,ridge_restricted,0.012390134466344316,-7.127984477264294e-05,7.127984477264294e-05
1976-03-01,ridge_restricted,0.012461414311116959,-5.960448300051935e-05,5.960448300051935e-05
1972-10-01,ridge_restricted,0.007108730445263578,-5.289257330243213e-05,5.289257330243213e-05
1976-10-01,ridge_restricted,0.012125819667776839,-4.65437914752842e-05,4.65437914752842e-05
1972-12-01,ridge_restricted,0.005821153667086809,4.4483925428251934e-05,4.4483925428251934e-05
1977-05-01,ridge_restricted,0.01209135300239057,-4.34827104018997e-05,4.34827104018997e-05
1977-06-01,ridge_restricted,0.012133494254534883,4.214125214431312e-05,4.214125214431312e-05
1976-09-01,ols_restricted,-0.013361491782529478,-3.9902371389122226e-05,3.9902371389122226e-05
1977-12-01,ols_restricted,-0.010081804669696982,3.965804580321336e-05,3.965804580321336e-05
1976-09-01,ridge_restricted,0.012172363459252123,3.513593869521915e-05,3.513593869521915e-05
1971-04-01,ols4_restricted,0.0026506294271926413,3.460108719967065e-05,3.460108719967065e-05
1976-02-01,ridge_restricted,0.012521018794117478,3.116388278876642e-05,3.116388278876642e-05
1976-07-01,ridge_restricted,0.01215696031078678,-3.102351181365551e-05,3.102351181365551e-05
1971-06-01,random_forest,-0.009002443102362357,2.9833371540121528e-05,2.9833371540121528e-05
1975-11-01,ridge_restricted,0.012557593347064988,-2.9562970509754496e-05,2.9562970509754496e-05
1977-09-01,ridge_restricted,0.01193768019234206,-2.9151086318767935e-05,2.9151086318767935e-05
1975-12-01,ridge_restricted,0.012585764944005618,2.8171596940629318e-05,2.8171596940629318e-05
1977-04-01,ridge_restricted,0.01213483571279247,2.316758521242468e-05,2.316758521242468e-05
1977-11-01,ridge_restricted,0.011790172866380011,-2.2574294778943474e-05,2.2574294778943474e-05
1976-08-01,ridge_restricted,0.012137227520556904,-1.9732790229876063e-05,1.9732790229876063e-05
1977-07-01,random_forest,0.007841392090514132,-1.9155943035420453e-05,1.9155943035420453e-05
1977-12-01,ols4_restricted,0.013611663170880084,1.8509095730067857e-05,1.8509095730067857e-05
1976-03-01,random_forest,0.008599724789518048,1.785561621901917e-05,1.785561621901917e-05
1972-08-01,ols_restricted,-0.008255523469475345,1.7144036552563247e-05,1.7144036552563247e-05
1977-12-01,elastic_net_restricted,-0.007294876042635412,-1.4843177337508888e-05,1.4843177337508888e-05
1977-03-01,ridge_restricted,0.012111668127580045,-1.2703961115922285e-05,1.2703961115922285e-05
1975-09-01,ridge_restricted,0.012891984447548733,1.213823662410407e-05,1.213823662410407e-05
1976-11-01,ols4_restricted,0.013867539190065902,-8.291357979528513e-06,8.291357979528513e-06
1976-11-01,ridge_restricted,0.01211964927938559,-6.170388391247769e-06,6.170388391247769e-06
1972-12-01,random_forest,-0.006121478935107505,-3.5723944758481174e-06,3.5723944758481174e-06
1972-12-01,ols4_restricted,-0.0016301285725783487,3.474673665948601e-06,3.474673665948601e-06
1972-02-01,ols4_restricted,0.0037626449474275738,-2.7376439353131096e-06,2.7376439353131096e-06
1977-12-01,ridge_restricted,0.011791728729949092,1.555863569081134e-06,1.555863569081134e-06
1975-03-01,ridge_restricted,0.013457405187964922,9.806425534837626e-07,9.806425534837626e-07
