model,asset,forecast_expanding,forecast_rolling,mean_loss_difference_expanding_minus_rolling,DM_statistic,p_value_two_sided_difference,p_value_one_sided_rolling_better,number_of_observations
ols,NoDur_excess,ols,ols,-8.6e-05,-1.287618,0.197879,0.90106,696
ols,Durbl_excess,ols,ols,-0.000344,-1.586897,0.112536,0.943732,696
ols,Manuf_excess,ols,ols,-0.000114,-0.911611,0.361974,0.819013,696
ols,Enrgy_excess,ols,ols,-0.000284,-1.907521,0.056453,0.971773,696
ols,HiTec_excess,ols,ols,-0.000263,-1.023602,0.306023,0.846988,696
ols,Telcm_excess,ols,ols,-0.000219,-2.328356,0.019893,0.990053,696
ols,Shops_excess,ols,ols,-0.000202,-2.064292,0.03899,0.980505,696
ols,Hlth_excess,ols,ols,-0.000284,-2.491732,0.012712,0.993644,696
ols,Utils_excess,ols,ols,2.6e-05,0.60355,0.546143,0.273072,696
ols,Other_excess,ols,ols,-8.6e-05,-0.630297,0.5285,0.73575,696
ols_restricted,NoDur_excess,ols_restricted,ols_restricted,1.7e-05,0.487821,0.625677,0.312838,696
ols_restricted,Durbl_excess,ols_restricted,ols_restricted,-4.7e-05,-0.373198,0.709001,0.645499,696
ols_restricted,Manuf_excess,ols_restricted,ols_restricted,-2e-06,-0.037994,0.969693,0.515154,696
ols_restricted,Enrgy_excess,ols_restricted,ols_restricted,-0.000105,-2.073935,0.038085,0.980957,696
ols_restricted,HiTec_excess,ols_restricted,ols_restricted,-0.000133,-0.608567,0.542811,0.728594,696
ols_restricted,Telcm_excess,ols_restricted,ols_restricted,-0.000145,-2.483535,0.013009,0.993496,696
ols_restricted,Shops_excess,ols_restricted,ols_restricted,-3.9e-05,-0.653131,0.513672,0.743164,696
ols_restricted,Hlth_excess,ols_restricted,ols_restricted,-0.00014,-1.659144,0.097087,0.951457,696
ols_restricted,Utils_excess,ols_restricted,ols_restricted,2e-06,0.087956,0.929911,0.464956,696
ols_restricted,Other_excess,ols_restricted,ols_restricted,5e-06,0.087723,0.930097,0.465048,696
ols4,NoDur_excess,ols4,ols4,-3.5e-05,-0.771827,0.440217,0.779892,696
ols4,Durbl_excess,ols4,ols4,-0.000141,-1.009643,0.312666,0.843667,696
ols4,Manuf_excess,ols4,ols4,-3.5e-05,-0.632584,0.527006,0.736497,696
ols4,Enrgy_excess,ols4,ols4,-9e-05,-1.800783,0.071737,0.964131,696
ols4,HiTec_excess,ols4,ols4,-7e-06,-0.092477,0.926319,0.53684,696
ols4,Telcm_excess,ols4,ols4,-3e-05,-0.776314,0.437564,0.781218,696
ols4,Shops_excess,ols4,ols4,-3.5e-05,-0.49923,0.617618,0.691191,696
ols4,Hlth_excess,ols4,ols4,-5e-05,-1.250011,0.211295,0.894352,696
ols4,Utils_excess,ols4,ols4,-2e-05,-0.601113,0.547765,0.726118,696
ols4,Other_excess,ols4,ols4,-6.2e-05,-0.745668,0.455868,0.772066,696
ols4_restricted,NoDur_excess,ols4_restricted,ols4_restricted,2e-05,0.73771,0.460691,0.230345,696
ols4_restricted,Durbl_excess,ols4_restricted,ols4_restricted,1.4e-05,0.180026,0.857132,0.428566,696
ols4_restricted,Manuf_excess,ols4_restricted,ols4_restricted,1.8e-05,0.582603,0.56016,0.28008,696
ols4_restricted,Enrgy_excess,ols4_restricted,ols4_restricted,-2.2e-05,-0.675338,0.499461,0.750269,696
ols4_restricted,HiTec_excess,ols4_restricted,ols4_restricted,2.7e-05,0.48807,0.6255,0.31275,696
ols4_restricted,Telcm_excess,ols4_restricted,ols4_restricted,0.0,0.012824,0.989768,0.494884,696
ols4_restricted,Shops_excess,ols4_restricted,ols4_restricted,4.8e-05,1.126449,0.259975,0.129988,696
ols4_restricted,Hlth_excess,ols4_restricted,ols4_restricted,1e-06,0.050491,0.959731,0.479866,696
ols4_restricted,Utils_excess,ols4_restricted,ols4_restricted,-5e-06,-0.351407,0.725283,0.637359,696
ols4_restricted,Other_excess,ols4_restricted,ols4_restricted,2.1e-05,0.567436,0.570418,0.285209,696
ridge,NoDur_excess,ridge,ridge,1e-06,0.052516,0.958118,0.479059,696
ridge,Durbl_excess,ridge,ridge,4.7e-05,0.848912,0.39593,0.197965,696
ridge,Manuf_excess,ridge,ridge,9e-06,0.340541,0.73345,0.366725,696
ridge,Enrgy_excess,ridge,ridge,8e-06,0.532527,0.594361,0.297181,696
ridge,HiTec_excess,ridge,ridge,5.5e-05,1.491975,0.135706,0.067853,696
ridge,Telcm_excess,ridge,ridge,-3.6e-05,-1.465856,0.142688,0.928656,696
ridge,Shops_excess,ridge,ridge,1.9e-05,0.492042,0.622689,0.311345,696
ridge,Hlth_excess,ridge,ridge,-4.3e-05,-2.617478,0.008858,0.995571,696
ridge,Utils_excess,ridge,ridge,-4e-06,-0.280924,0.778769,0.610616,696
ridge,Other_excess,ridge,ridge,-9e-06,-0.361753,0.717537,0.641232,696
ridge_restricted,NoDur_excess,ridge_restricted,ridge_restricted,2e-06,0.085776,0.931644,0.465822,696
ridge_restricted,Durbl_excess,ridge_restricted,ridge_restricted,1.7e-05,0.447753,0.654331,0.327166,696
ridge_restricted,Manuf_excess,ridge_restricted,ridge_restricted,1.4e-05,0.874936,0.381609,0.190804,696
ridge_restricted,Enrgy_excess,ridge_restricted,ridge_restricted,5e-06,0.409972,0.681827,0.340913,696
ridge_restricted,HiTec_excess,ridge_restricted,ridge_restricted,4.2e-05,2.302146,0.021327,0.010663,696
ridge_restricted,Telcm_excess,ridge_restricted,ridge_restricted,-2.5e-05,-1.120282,0.262594,0.868703,696
ridge_restricted,Shops_excess,ridge_restricted,ridge_restricted,2.9e-05,1.216322,0.223862,0.111931,696
ridge_restricted,Hlth_excess,ridge_restricted,ridge_restricted,-3.6e-05,-2.41431,0.015765,0.992117,696
ridge_restricted,Utils_excess,ridge_restricted,ridge_restricted,-1e-06,-0.105624,0.91588,0.54206,696
ridge_restricted,Other_excess,ridge_restricted,ridge_restricted,1e-06,0.047193,0.962359,0.48118,696
elastic_net,NoDur_excess,elastic_net,elastic_net,4e-06,0.150938,0.880025,0.440012,696
elastic_net,Durbl_excess,elastic_net,elastic_net,9.3e-05,1.011629,0.311716,0.155858,696
elastic_net,Manuf_excess,elastic_net,elastic_net,6.1e-05,1.406489,0.159579,0.079789,696
elastic_net,Enrgy_excess,elastic_net,elastic_net,0.000102,2.467389,0.01361,0.006805,696
elastic_net,HiTec_excess,elastic_net,elastic_net,0.000116,1.991024,0.046478,0.023239,696
elastic_net,Telcm_excess,elastic_net,elastic_net,1e-06,0.04301,0.965693,0.482847,696
elastic_net,Shops_excess,elastic_net,elastic_net,5e-06,0.08581,0.931618,0.465809,696
elastic_net,Hlth_excess,elastic_net,elastic_net,1.8e-05,0.81411,0.415582,0.207791,696
elastic_net,Utils_excess,elastic_net,elastic_net,4.5e-05,1.472298,0.14094,0.07047,696
elastic_net,Other_excess,elastic_net,elastic_net,5.4e-05,0.946768,0.343757,0.171879,696
elastic_net_restricted,NoDur_excess,elastic_net_restricted,elastic_net_restricted,-4e-06,-0.194273,0.845962,0.577019,696
elastic_net_restricted,Durbl_excess,elastic_net_restricted,elastic_net_restricted,1.3e-05,0.214627,0.830058,0.415029,696
elastic_net_restricted,Manuf_excess,elastic_net_restricted,elastic_net_restricted,1.2e-05,0.501689,0.615886,0.307943,696
elastic_net_restricted,Enrgy_excess,elastic_net_restricted,elastic_net_restricted,3.5e-05,1.282582,0.199639,0.099819,696
elastic_net_restricted,HiTec_excess,elastic_net_restricted,elastic_net_restricted,4.2e-05,1.170958,0.241616,0.120808,696
elastic_net_restricted,Telcm_excess,elastic_net_restricted,elastic_net_restricted,-2.7e-05,-1.370658,0.170482,0.914759,696
elastic_net_restricted,Shops_excess,elastic_net_restricted,elastic_net_restricted,-2.4e-05,-0.566469,0.571075,0.714462,696
elastic_net_restricted,Hlth_excess,elastic_net_restricted,elastic_net_restricted,3e-06,0.164395,0.86942,0.43471,696
elastic_net_restricted,Utils_excess,elastic_net_restricted,elastic_net_restricted,1.2e-05,0.675013,0.499668,0.249834,696
elastic_net_restricted,Other_excess,elastic_net_restricted,elastic_net_restricted,2.2e-05,0.689498,0.49051,0.245255,696
random_forest,NoDur_excess,random_forest,random_forest,-2.4e-05,-1.412417,0.157827,0.921086,696
random_forest,Durbl_excess,random_forest,random_forest,-2.7e-05,-0.389893,0.696616,0.651692,696
random_forest,Manuf_excess,random_forest,random_forest,-2.6e-05,-0.990204,0.322074,0.838963,696
random_forest,Enrgy_excess,random_forest,random_forest,-4.3e-05,-1.559719,0.118826,0.940587,696
random_forest,HiTec_excess,random_forest,random_forest,2e-06,0.059691,0.952401,0.476201,696
random_forest,Telcm_excess,random_forest,random_forest,-3.1e-05,-1.432391,0.152032,0.923984,696
random_forest,Shops_excess,random_forest,random_forest,-2.5e-05,-0.909073,0.363312,0.818344,696
random_forest,Hlth_excess,random_forest,random_forest,-3.3e-05,-1.355893,0.175133,0.912433,696
random_forest,Utils_excess,random_forest,random_forest,-1e-05,-0.543682,0.58666,0.70667,696
random_forest,Other_excess,random_forest,random_forest,-6.8e-05,-1.91596,0.05537,0.972315,696
